name,datetime,temp,feelslike,dew,humidity,precip,precipprob,preciptype,snow,snowdepth,windgust,windspeed,winddir,sealevelpressure,cloudcover,visibility,solarradiation,solarenergy,uvindex,severerisk,conditions,icon,stations
Việt Nam,2025-06-16T00:00:00,76.9,76.9,75.1,94.19,0,0,,0,0,11.9,3.4,300,1005,88,6.2,0,0,0,60,Partially cloudy,partly-cloudy-night,VVNB
Việt Nam,2025-06-16T01:00:00,76.9,76.9,75.1,94.19,0,0,,0,0,11.9,2.2,136.1,1005,50,6.2,0,0,0,30,Partially cloudy,partly-cloudy-night,VVNB
Việt Nam,2025-06-16T02:00:00,76.9,76.9,75.1,94.19,0,0,,0,0,9.2,3.4,360,1004,88,6.2,0,0,0,30,Partially cloudy,partly-cloudy-night,VVNB
Việt Nam,2025-06-16T03:00:00,76.9,76.9,75.1,94.19,0.02,100,rain,0,0,8.1,2.2,90,1004,88,6.2,0,0,0,30,"Rain, Partially cloudy",rain,VVNB
Việt Nam,2025-06-16T04:00:00,76.9,76.9,75.1,94.19,0.024,100,rain,0,0,2.9,1.1,227.5,1005,100,6.2,0,0,0,30,"Rain, Overcast",rain,VVNB
Việt Nam,2025-06-16T05:00:00,76.9,76.9,75.1,94.19,0.02,100,rain,0,0,6.5,3.4,70,1005,100,6.2,0,0,0,30,"Rain, Overcast",rain,VVNB
Việt Nam,2025-06-16T06:00:00,78.7,78.7,75.1,88.75,0,0,rain,0,0,8.3,2.2,302.1,1005,100,6.2,8,0,0,30,Overcast,cloudy,VVNB
Việt Nam,2025-06-16T07:00:00,78.7,78.7,75.1,88.75,0,0,,0,0,3.8,2.2,300,1005,88,6.2,70,0.3,1,30,Partially cloudy,partly-cloudy-day,VVNB
Việt Nam,2025-06-16T08:00:00,78.7,78.7,76.9,94.23,0,0,,0,0,2.5,4.7,320,1006,100,6.2,259,0.9,3,30,Overcast,cloudy,VVNB
Việt Nam,2025-06-16T09:00:00,80.5,86.9,76.9,88.83,0,0,,0,0,1.6,5.8,300,1007,100,3.1,122,0.4,1,30,Overcast,cloudy,VVNB
Việt Nam,2025-06-16T10:00:00,76.9,76.9,75.1,94.19,0,0,,0,0,2.5,6.9,310,1006,88,1.9,94,0.3,1,30,Partially cloudy,partly-cloudy-day,VVNB
Việt Nam,2025-06-16T11:00:00,76.9,76.9,76.9,100,0,0,,0,0,2.5,3.4,10,1006,88,5.6,324,1.2,3,30,Partially cloudy,partly-cloudy-day,VVNB
Việt Nam,2025-06-16T12:00:00,78.7,78.7,76.9,94.23,0,0,,0,0,2.9,2.2,156.3,1005,88,6.2,519,1.9,5,30,Partially cloudy,partly-cloudy-day,VVNB
Việt Nam,2025-06-16T13:00:00,80.5,87.9,78.7,94.27,0,0,,0,0,3.4,4.7,70,1004,25,5.6,150,0.5,2,30,Partially cloudy,partly-cloudy-day,VVNB
Việt Nam,2025-06-16T14:00:00,80.5,87.9,78.7,94.27,0,0,,0,0,4.5,8.1,60,1004,50,6.2,133,0.5,1,30,Partially cloudy,partly-cloudy-day,VVNB
Việt Nam,2025-06-16T15:00:00,86.3,96.9,76.4,72.46,0,29,,0,0,4.3,4,230.5,1002,100,15,120,0.4,1,30,Overcast,cloudy,
Việt Nam,2025-06-16T16:00:00,89.3,100.9,76,64.98,0,29,,0,0,4.7,3.4,215.3,1001,90.8,15,426,1.5,4,30,Overcast,cloudy,
Việt Nam,2025-06-16T17:00:00,90.2,101.7,75.6,62.41,0,29,,0,0,4.5,2.9,259.9,1001,99.2,15,347,1.2,3,30,Overcast,cloudy,
Việt Nam,2025-06-16T18:00:00,89,101.3,76.7,67.31,0,29,,0,0,2.7,2,278.2,1001,99.5,15,149,0.5,1,30,Overcast,cloudy,
Việt Nam,2025-06-16T19:00:00,86.8,97.1,75.8,69.96,0,29,,0,0,5.1,2.7,103.3,1002,100,15,0,0,0,30,Overcast,cloudy,
Việt Nam,2025-06-16T20:00:00,85.6,96.3,76.9,75.48,0.004,77.4,rain,0,0,13,7.4,132.6,1003,97,13.7,0,0,0,60,"Rain, Overcast",rain,
Việt Nam,2025-06-16T21:00:00,82.7,91.6,77.3,83.8,0.098,77.4,rain,0,0,17.2,9.2,131.1,1004,100,13,0,0,0,30,"Rain, Overcast",rain,
Việt Nam,2025-06-16T22:00:00,82.3,91.2,77.6,85.8,0.059,77.4,rain,0,0,18.8,8.7,136.5,1004,100,13.7,0,0,0,30,"Rain, Overcast",rain,
Việt Nam,2025-06-16T23:00:00,81.6,89.8,77.8,88.35,0.059,77.4,rain,0,0,17.4,7.4,128.7,1005,100,15,0,0,0,30,"Rain, Overcast",rain,
Việt Nam,2025-06-17T00:00:00,81.9,90.6,77.8,87.33,0.024,77.4,rain,0,0,15,5.8,126.8,1004,100,15,0,0,0,30,"Rain, Overcast",rain,
Việt Nam,2025-06-17T01:00:00,81.6,89.8,77.8,88.35,0.028,77.4,rain,0,0,13,5.6,159.6,1004,100,15,0,0,0,30,"Rain, Overcast",rain,
Việt Nam,2025-06-17T02:00:00,81.4,89.4,77.8,88.87,0.043,87.1,rain,0,0,9.2,4.3,166.3,1003,100,10.9,0,0,0,30,"Rain, Overcast",rain,
Việt Nam,2025-06-17T03:00:00,81.6,89.9,78,88.88,0.012,87.1,rain,0,0,8.1,4.5,146.6,1002,100,15,0,0,0,60,"Rain, Overcast",rain,
Việt Nam,2025-06-17T04:00:00,81.4,89.5,78,89.4,0.004,87.1,rain,0,0,5.6,3.4,141.7,1003,100,15,0,0,0,60,"Rain, Overcast",rain,
Việt Nam,2025-06-17T05:00:00,81.2,89,77.8,89.39,0.008,87.1,rain,0,0,2,1.1,149.5,1003,100,15,0,0,0,60,"Rain, Overcast",rain,
Việt Nam,2025-06-17T06:00:00,81.2,89,77.8,89.39,0.047,87.1,rain,0,0,1.6,1.3,310.2,1004,100,15,13,0,0,30,"Rain, Overcast",rain,
Việt Nam,2025-06-17T07:00:00,82.5,91.9,78,86.32,0.004,87.1,rain,0,0,2.2,2.5,339.8,1004,100,15,79,0.3,1,60,"Rain, Overcast",rain,
Việt Nam,2025-06-17T08:00:00,83.9,94.7,78,82.4,0,64.5,rain,0,0,2,2.5,350,1004,100,15,205,0.7,2,60,"Rain, Overcast",rain,
Việt Nam,2025-06-17T09:00:00,85.6,97.8,78.2,78.69,0,64.5,rain,0,0,1.3,1.3,354.9,1005,100,15,312,1.1,3,60,"Rain, Overcast",rain,
Việt Nam,2025-06-17T10:00:00,87.2,100.3,78,74.29,0.004,64.5,rain,0,0,2.7,2,162.2,1004,100,15,367,1.3,4,60,"Rain, Overcast",rain,
Việt Nam,2025-06-17T11:00:00,87.3,100.3,77.8,73.43,0.039,64.5,rain,0,0,4.9,3.8,207.7,1004,100,15,323,1.2,3,60,"Rain, Overcast",rain,
Việt Nam,2025-06-17T12:00:00,88.2,101.4,77.6,70.94,0.004,64.5,rain,0,0,3.6,2.5,197.8,1004,100,15,253,0.9,3,60,"Rain, Overcast",rain,
Việt Nam,2025-06-17T13:00:00,90.6,104.9,77.6,65.9,0,64.5,rain,0,0,5.4,3.6,198.5,1003,100,15,542,2,5,60,"Rain, Overcast",rain,
Việt Nam,2025-06-17T14:00:00,92.6,106.8,77.1,60.86,0.012,71,rain,0,0,5.4,2.5,205.3,1002,100,8.8,627,2.3,6,60,"Rain, Overcast",rain,
Việt Nam,2025-06-17T15:00:00,92.6,105.8,76.4,59.42,0.016,71,rain,0,0,3.1,0.4,168.1,1001,100,15,422,1.5,4,60,"Rain, Overcast",rain,
Việt Nam,2025-06-17T16:00:00,92.2,105.3,76.4,60.09,0.008,71,rain,0,0,3.1,0.9,156.1,1001,100,15,280,1,3,60,"Rain, Overcast",rain,
Việt Nam,2025-06-17T17:00:00,90.9,105.9,78,65.94,0.004,71,rain,0,0,2.7,0.4,235.3,1001,100,15,125,0.5,1,75,"Rain, Overcast",rain,
Việt Nam,2025-06-17T18:00:00,87,99.7,77.8,74.27,0.028,71,rain,0,0,4.5,2.2,311.7,1001,100,15,36,0.1,0,60,"Rain, Overcast",rain,
Việt Nam,2025-06-17T19:00:00,84.6,96,78,80.52,0.012,71,rain,0,0,4.5,2,296.2,1002,100,15,0,0,0,60,"Rain, Overcast",rain,
Việt Nam,2025-06-17T20:00:00,83.4,93.5,77.8,83.35,0.02,100,rain,0,0,3.6,1.3,290,1003,100,9.1,0,0,0,60,"Rain, Overcast",rain,
Việt Nam,2025-06-17T21:00:00,82.7,91.9,77.6,84.81,0.059,100,rain,0,0,4.7,1.6,168.2,1003,100,8.9,0,0,0,30,"Rain, Overcast",rain,
Việt Nam,2025-06-17T22:00:00,82.5,91.4,77.4,84.8,0.071,100,rain,0,0,5.1,1.8,166.4,1004,100,15,0,0,0,30,"Rain, Overcast",rain,
Việt Nam,2025-06-17T23:00:00,82.7,91.8,77.4,84.3,0.035,100,rain,0,0,3.8,0.9,127.3,1004,100,15,0,0,0,30,"Rain, Overcast",rain,
Việt Nam,2025-06-18T00:00:00,82.3,91,77.4,85.29,0,100,rain,0,0,2.9,1.6,341.1,1003,100,15,0,0,0,30,"Rain, Overcast",rain,
Việt Nam,2025-06-18T01:00:00,81.8,89.9,77.4,86.8,0,100,rain,0,0,4,3.1,16.3,1002,100,15,0,0,0,30,"Rain, Overcast",rain,
Việt Nam,2025-06-18T02:00:00,81.6,89.7,77.6,87.83,0,96.8,rain,0,0,3.1,2.7,337.1,1002,100,15,0,0,0,30,"Rain, Overcast",rain,
Việt Nam,2025-06-18T03:00:00,80.7,87.6,77.4,89.91,0.047,96.8,rain,0,0,4,3.6,298.3,1002,100,15,0,0,0,30,"Rain, Overcast",rain,
Việt Nam,2025-06-18T04:00:00,80,80,77.4,92.05,0.043,96.8,rain,0,0,5.4,4,304.3,1002,100,13.8,0,0,0,30,"Rain, Overcast",rain,
Việt Nam,2025-06-18T05:00:00,79.6,79.6,77.3,92.58,0.028,96.8,rain,0,0,7.2,5.1,314.5,1002,100,15,0,0,0,30,"Rain, Overcast",rain,
Việt Nam,2025-06-18T06:00:00,79.6,79.6,77.1,92.03,0.024,96.8,rain,0,0,4.9,3.6,319.8,1003,100,15,5,0,0,30,"Rain, Overcast",rain,
Việt Nam,2025-06-18T07:00:00,81.1,88.3,77.3,88.33,0.024,96.8,rain,0,0,2.7,2.7,327.2,1003,100,15,91,0.3,1,30,"Rain, Overcast",rain,
Việt Nam,2025-06-18T08:00:00,81.8,89.9,77.4,86.8,0.008,64.5,rain,0,0,1.3,1.3,293.9,1004,86.3,15,103,0.4,1,30,"Rain, Partially cloudy",rain,
Việt Nam,2025-06-18T09:00:00,84.1,94.5,77.4,80.48,0,64.5,rain,0,0,2.9,1.8,247.5,1004,100,15,268,1,3,30,"Rain, Overcast",rain,
Việt Nam,2025-06-18T10:00:00,83.6,93.7,77.6,82.38,0,64.5,rain,0,0,3.6,2,240.5,1004,100,15,116,0.4,1,60,"Rain, Overcast",rain,
Việt Nam,2025-06-18T11:00:00,85.4,97.1,77.8,78.21,0,64.5,rain,0,0,3.8,1.8,200.9,1003,100,15,266,1,3,60,"Rain, Overcast",rain,
Việt Nam,2025-06-18T12:00:00,87.2,100,77.8,73.85,0.004,64.5,rain,0,0,6.3,3.8,141.5,1003,100,15,333,1.2,3,60,"Rain, Overcast",rain,
Việt Nam,2025-06-18T13:00:00,91.1,105.1,77.3,64.03,0,64.5,rain,0,0,8.3,6,173.7,1002,100,15,658,2.4,7,60,"Rain, Overcast",rain,
Việt Nam,2025-06-18T14:00:00,93.6,107,76.2,57.12,0.012,38.7,rain,0,0,10.7,7.6,178.4,1001,100,15,794,2.9,8,60,Overcast,cloudy,
Việt Nam,2025-06-18T15:00:00,94,106,75.1,54.49,0.004,38.7,rain,0,0,11.2,6.9,182.5,1000,100,15,505,1.8,5,60,Overcast,cloudy,
Việt Nam,2025-06-18T16:00:00,91.1,104.1,76.6,62.52,0.004,38.7,rain,0,0,9.8,5.6,178.6,1000,100,15,144,0.5,1,60,Overcast,cloudy,
Việt Nam,2025-06-18T17:00:00,87.9,100.2,77.1,70.48,0.004,38.7,rain,0,0,11,6.3,154.1,1000,100,15,34,0.1,0,60,Overcast,cloudy,
Việt Nam,2025-06-18T18:00:00,86.3,97.7,77.1,74.21,0.016,38.7,rain,0,0,16.6,8.5,135.9,1001,99.1,15,30,0.1,0,60,Overcast,cloudy,
Việt Nam,2025-06-18T19:00:00,85,95.5,76.9,76.8,0.02,38.7,rain,0,0,20.6,9.4,142.7,1002,100,15,0,0,0,30,Overcast,cloudy,
Việt Nam,2025-06-18T20:00:00,84.5,94.5,76.9,78.14,0.02,74.2,rain,0,0,19,9.6,140.6,1002,100,15,0,0,0,30,"Rain, Overcast",rain,
Việt Nam,2025-06-18T21:00:00,83.9,93.8,77.1,79.99,0,74.2,rain,0,0,19.9,10.3,145.2,1003,100,15,0,0,0,30,"Rain, Overcast",rain,
Việt Nam,2025-06-18T22:00:00,83.7,93.5,77.1,80.45,0,74.2,rain,0,0,23.5,11,153.2,1003,100,15,0,0,0,30,"Rain, Overcast",rain,
Việt Nam,2025-06-18T23:00:00,83.7,93.6,77.3,80.93,0,74.2,rain,0,0,24.6,10.7,159,1003,100,15,0,0,0,30,"Rain, Overcast",rain,
Việt Nam,2025-06-19T00:00:00,83.6,93.1,77.1,80.92,0,74.2,rain,0,0,23.5,10.5,161.8,1002,100,15,0,0,0,30,"Rain, Overcast",rain,
Việt Nam,2025-06-19T01:00:00,82.3,91,77.4,85.29,0.051,74.2,rain,0,0,19.7,8.5,156.7,1001,100,15,0,0,0,30,"Rain, Overcast",rain,
Việt Nam,2025-06-19T02:00:00,82.3,91.2,77.6,85.8,0.012,80.6,rain,0,0,17.2,7.6,158.9,1001,100,15,0,0,0,30,"Rain, Overcast",rain,
Việt Nam,2025-06-19T03:00:00,82.1,90.8,77.6,86.3,0.016,80.6,rain,0,0,15,6.9,167.2,1001,100,15,0,0,0,60,"Rain, Overcast",rain,
Việt Nam,2025-06-19T04:00:00,81.2,89.1,78,89.93,0.063,80.6,rain,0,0,11,5.6,188.4,1001,100,13.8,0,0,0,60,"Rain, Overcast",rain,
Việt Nam,2025-06-19T05:00:00,80.7,87.7,77.6,90.44,0.075,80.6,rain,0,0,7.4,3.8,221.2,1002,100,13.7,0,0,0,30,"Rain, Overcast",rain,
Việt Nam,2025-06-19T06:00:00,80.3,86.6,77.3,90.43,0.071,80.6,rain,0,0,6,3.1,218.9,1002,100,13.1,4,0,0,30,"Rain, Overcast",rain,
Việt Nam,2025-06-19T07:00:00,80.3,86.5,77.1,89.89,0.067,80.6,rain,0,0,5.1,2.9,223.2,1003,100,7.7,35,0.1,0,30,"Rain, Overcast",rain,
Việt Nam,2025-06-19T08:00:00,81.4,88.9,77.1,86.78,0.024,58.1,rain,0,0,3.8,2,230,1003,100,15,65,0.2,1,30,"Rain, Overcast",rain,
Việt Nam,2025-06-19T09:00:00,82.1,90.3,76.9,84.27,0.016,58.1,rain,0,0,2,0.9,252.8,1004,100,15,105,0.4,1,30,"Rain, Overcast",rain,
Việt Nam,2025-06-19T10:00:00,82.5,90.8,76.7,82.8,0.008,58.1,rain,0,0,2.5,0.4,205.1,1003,100,15,111,0.4,1,30,"Rain, Overcast",rain,
Việt Nam,2025-06-19T11:00:00,82.7,91.5,77.1,83.31,0.008,58.1,rain,0,0,2.9,1.8,243.6,1003,100,15,68,0.2,1,30,"Rain, Overcast",rain,
Việt Nam,2025-06-19T12:00:00,81.9,89.8,76.7,84.26,0.047,58.1,rain,0,0,4.3,4,279.3,1003,100,11.1,78,0.3,1,30,"Rain, Overcast",rain,
Việt Nam,2025-06-19T13:00:00,83.6,92.1,76,78.07,0.012,58.1,rain,0,0,2.9,2.9,280.6,1002,100,11.1,168,0.6,2,10,"Rain, Overcast",rain,
Việt Nam,2025-06-19T14:00:00,88.2,100.5,76.9,69.27,0.008,32.3,rain,0,0,2.2,1.1,355.9,1001,100,15,577,2.1,6,30,Overcast,cloudy,
Việt Nam,2025-06-19T15:00:00,89.9,103.3,77.3,66.61,0.067,32.3,rain,0,0,3.4,0.4,137.8,1001,100,9.9,640,2.3,6,30,Overcast,cloudy,
Việt Nam,2025-06-19T16:00:00,89.9,101.9,76.2,64.27,0.059,32.3,rain,0,0,4.7,2.2,170.3,1000,100,13.9,391,1.4,4,30,Overcast,cloudy,
Việt Nam,2025-06-19T17:00:00,88.1,100.9,77.4,70.92,0.051,32.3,rain,0,0,7.2,4.7,127.9,1001,100,9.1,224,0.8,2,30,Overcast,cloudy,
Việt Nam,2025-06-19T18:00:00,86.3,98.8,78,76.45,0.008,32.3,rain,0,0,8.7,4.9,123.2,1001,100,15,111,0.4,1,60,Overcast,cloudy,
Việt Nam,2025-06-19T19:00:00,83.6,93.8,77.8,82.87,0.008,32.3,rain,0,0,11,6.5,118.4,1001,100,15,0,0,0,30,Overcast,cloudy,
Việt Nam,2025-06-19T20:00:00,82.3,91,77.4,85.29,0.012,90.3,rain,0,0,15.4,7.4,114.7,1002,100,15,0,0,0,30,"Rain, Overcast",rain,
Việt Nam,2025-06-19T21:00:00,81.8,89.9,77.4,86.8,0.012,90.3,rain,0,0,15.9,7.2,121,1003,100,15,0,0,0,30,"Rain, Overcast",rain,
Việt Nam,2025-06-19T22:00:00,81.6,89.4,77.3,86.79,0.031,90.3,rain,0,0,15.7,6.9,134.2,1004,100,15,0,0,0,30,"Rain, Overcast",rain,
Việt Nam,2025-06-19T23:00:00,81.4,89,77.3,87.3,0.028,90.3,rain,0,0,8.1,4.3,135.6,1003,100,10.1,0,0,0,30,"Rain, Overcast",rain,
Việt Nam,2025-06-20T00:00:00,81.1,88.1,77.1,87.8,0.087,90.3,rain,0,0,1.6,0.9,157.9,1003,100,7.1,0,0,0,30,"Rain, Overcast",rain,
Việt Nam,2025-06-20T01:00:00,80.1,86.2,77.3,90.96,0.059,90.3,rain,0,0,3.1,2.5,37.2,1002,100,6.8,0,0,0,30,"Rain, Overcast",rain,
Việt Nam,2025-06-20T02:00:00,79.6,79.6,77.4,93.14,0.039,90.3,rain,0,0,10.5,5.1,99.8,1002,100,7.8,0,0,0,30,"Rain, Overcast",rain,
Việt Nam,2025-06-20T03:00:00,79.4,79.4,77.1,92.58,0.028,90.3,rain,0,0,15,6.3,130.1,1002,100,14.2,0,0,0,10,"Rain, Overcast",rain,
Việt Nam,2025-06-20T04:00:00,79.4,79.4,76.9,92.03,0.012,90.3,rain,0,0,14.1,5.1,132.8,1002,100,15,0,0,0,10,"Rain, Overcast",rain,
Việt Nam,2025-06-20T05:00:00,79.4,79.4,76.9,92.03,0.024,90.3,rain,0,0,9.2,3.6,125.9,1002,100,15,0,0,0,10,"Rain, Overcast",rain,
Việt Nam,2025-06-20T06:00:00,79.4,79.4,76.9,92.03,0.063,90.3,rain,0,0,11.2,3.8,133.3,1003,100,5.3,10,0,0,10,"Rain, Overcast",rain,
Việt Nam,2025-06-20T07:00:00,80.1,86,76.7,89.35,0.114,90.3,rain,0,0,15.2,6,129.4,1003,100,4,37,0.1,0,10,"Rain, Overcast",rain,
Việt Nam,2025-06-20T08:00:00,80.5,86.9,76.9,88.83,0.083,71,rain,0,0,17.9,8.3,140.5,1004,100,9.6,51,0.2,1,10,"Rain, Overcast",rain,
Việt Nam,2025-06-20T09:00:00,80.3,86.5,77.1,89.89,0.059,71,rain,0,0,16.6,8.7,139.9,1004,100,9.3,54,0.2,1,10,"Rain, Overcast",rain,
Việt Nam,2025-06-20T10:00:00,80.5,87,77.1,89.36,0.024,71,rain,0,0,14.8,8.1,130.6,1004,100,15,66,0.2,1,30,"Rain, Overcast",rain,
Việt Nam,2025-06-20T11:00:00,81.4,88.9,77.1,86.78,0.02,71,rain,0,0,11.9,7.4,130.8,1004,100,15,123,0.4,1,30,"Rain, Overcast",rain,
Việt Nam,2025-06-20T12:00:00,81.1,88.1,77.1,87.8,0.008,71,rain,0,0,9.2,5.1,131.1,1003,100,15,73,0.3,1,30,"Rain, Overcast",rain,
Việt Nam,2025-06-20T13:00:00,82.1,90.3,76.9,84.27,0,71,rain,0,0,5.8,4,124.9,1003,100,15,145,0.5,1,30,"Rain, Overcast",rain,
Việt Nam,2025-06-20T14:00:00,85,95.3,76.7,76.34,0.012,67.7,rain,0,0,4,2.7,96.8,1002,100,9.9,452,1.6,5,30,"Rain, Overcast",rain,
Việt Nam,2025-06-20T15:00:00,86.1,96.6,76.4,72.88,0.039,67.7,rain,0,0,2.7,2.5,34.6,1002,100,10.1,477,1.7,5,30,"Rain, Overcast",rain,
Việt Nam,2025-06-20T16:00:00,86.4,97.1,76.4,72.04,0.051,67.7,rain,0,0,2.9,2.9,42.2,1001,100,3,464,1.7,5,30,"Rain, Overcast",rain,
Việt Nam,2025-06-20T17:00:00,85.4,95.7,76.6,75.02,0.067,67.7,rain,0,0,3.4,2.5,56.2,1002,100,3.2,296,1.1,3,30,"Rain, Overcast",rain,
Việt Nam,2025-06-20T18:00:00,83.9,94,77.3,80.46,0.067,67.7,rain,0,0,3.8,2.5,73.5,1002,100,6.2,148,0.5,1,30,"Rain, Overcast",rain,
Việt Nam,2025-06-20T19:00:00,81.9,89.5,76.4,83.26,0.047,67.7,rain,0,0,2.5,2.2,83.2,1003,100,15,0,0,0,10,"Rain, Overcast",rain,
Việt Nam,2025-06-20T20:00:00,81.2,88,76.2,84.72,0.031,87.1,rain,0,0,1.1,0.7,346.9,1004,100,15,0,0,0,10,"Rain, Overcast",rain,
Việt Nam,2025-06-20T21:00:00,80.3,86.2,76.4,87.77,0.028,87.1,rain,0,0,3.1,3.1,330.6,1004,100,15,0,0,0,10,"Rain, Overcast",rain,
Việt Nam,2025-06-20T22:00:00,79.2,79.2,76.6,91.48,0.043,87.1,rain,0,0,4.9,3.6,346.8,1005,100,15,0,0,0,10,"Rain, Overcast",rain,
Việt Nam,2025-06-20T23:00:00,78.5,78.5,76.6,93.67,0.039,87.1,rain,0,0,4.9,3.8,340.1,1005,100,15,0,0,0,10,"Rain, Overcast",rain,
Việt Nam,2025-06-21T00:00:00,77.8,77.8,76.4,95.34,0.055,87.1,rain,0,0,5.8,4,343.3,1004,100,7.8,0,0,0,10,"Rain, Overcast",rain,
Việt Nam,2025-06-21T01:00:00,77.1,77.1,76,96.48,0.098,87.1,rain,0,0,5.6,3.8,327,1004,100,3.3,0,0,0,10,"Rain, Overcast",rain,
Việt Nam,2025-06-21T02:00:00,76.9,76.9,75.8,96.48,0.063,87.1,rain,0,0,4.9,3.6,326.6,1003,95.3,3.8,0,0,0,10,"Rain, Overcast",rain,
Việt Nam,2025-06-21T03:00:00,76.7,76.7,75.6,96.47,0.059,87.1,rain,0,0,4.7,3.4,318.3,1003,94.5,4.1,0,0,0,10,"Rain, Overcast",rain,
Việt Nam,2025-06-21T04:00:00,76.7,76.7,75.6,96.47,0.055,87.1,rain,0,0,4.3,3.1,326.1,1003,93,4.2,0,0,0,10,"Rain, Overcast",rain,
Việt Nam,2025-06-21T05:00:00,76.7,76.7,75.6,96.47,0.059,87.1,rain,0,0,3.8,3.1,324,1004,100,7.3,0,0,0,10,"Rain, Overcast",rain,
Việt Nam,2025-06-21T06:00:00,77.1,77.1,75.8,95.9,0.043,87.1,rain,0,0,3.8,2.9,325.1,1004,100,10.1,4,0,0,10,"Rain, Overcast",rain,
Việt Nam,2025-06-21T07:00:00,78.2,78.2,76,93.1,0.012,87.1,rain,0,0,4.5,4,334.7,1004,98.7,15,63,0.2,1,10,"Rain, Overcast",rain,
Việt Nam,2025-06-21T08:00:00,81.2,88,76.3,84.89,0,74.2,rain,0,0,3.5,3.3,236.2,1004,99.1,15,212.3,0.7,2,10,"Rain, Overcast",rain,
Việt Nam,2025-06-21T09:00:00,84.3,93.8,76.5,77.51,0,74.2,rain,0,0,2.5,2.5,137.8,1004,99.6,15,361.7,1.3,4,10,"Rain, Overcast",rain,
Việt Nam,2025-06-21T10:00:00,87.3,98.9,76.7,70.85,0.004,74.2,rain,0,0,1.6,1.8,39.3,1004,100,15,511,1.8,5,30,"Rain, Overcast",rain,
Việt Nam,2025-06-21T11:00:00,88.8,100.6,76.4,66.89,0,74.2,rain,0,0,2.7,2.8,75.9,1003.3,93.8,15,593.3,2.1,6,30,"Rain, Overcast",rain,
Việt Nam,2025-06-21T12:00:00,90.2,102.1,76,63.17,0,74.2,rain,0,0,3.8,3.7,112.6,1002.7,87.6,15,675.7,2.4,7,30,"Rain, Partially cloudy",rain,
Việt Nam,2025-06-21T13:00:00,91.7,103.6,75.6,59.67,0.008,74.2,rain,0,0,4.9,4.7,149.2,1002,81.4,15,758,2.7,8,30,"Rain, Partially cloudy",rain,
Việt Nam,2025-06-21T14:00:00,92,104,75.6,59.11,0,71,rain,0,0,5.7,5.4,136.3,1001.3,81.9,15,691.7,2.5,7,30,"Rain, Partially cloudy",rain,
Việt Nam,2025-06-21T15:00:00,92.3,104.4,75.6,58.56,0,71,rain,0,0,6.6,6,123.4,1000.7,82.3,15,625.3,2.2,6,30,"Rain, Partially cloudy",rain,
Việt Nam,2025-06-21T16:00:00,92.6,104.8,75.6,58.02,0.008,71,rain,0,0,7.4,6.7,110.5,1000,82.8,15,559,2,6,30,"Rain, Partially cloudy",rain,
Việt Nam,2025-06-21T17:00:00,90,101.8,76,63.64,0,71,rain,0,0,9.8,7,113.1,1000.7,85.4,15,372.7,1.3,4,30,"Rain, Partially cloudy",rain,
Việt Nam,2025-06-21T18:00:00,87.4,98.6,76.4,69.88,0,71,rain,0,0,12.2,7.3,115.6,1001.3,87.9,15,186.3,0.7,2,30,"Rain, Partially cloudy",rain,
Việt Nam,2025-06-21T19:00:00,84.8,95,76.7,76.78,0.091,71,rain,0,0,14.5,7.6,118.2,1002,90.5,15,0,0,0,30,"Rain, Overcast",rain,
Việt Nam,2025-06-21T20:00:00,83.5,92.5,76.7,80.11,0,77.4,rain,0,0,15.6,7.5,125.5,1002.7,93.7,12.4,0,0,0,30,"Rain, Overcast",rain,
Việt Nam,2025-06-21T21:00:00,82.1,89.9,76.6,83.6,0,77.4,rain,0,0,16.6,7.3,132.9,1003.3,96.8,9.8,0,0,0,30,"Rain, Overcast",rain,
Việt Nam,2025-06-21T22:00:00,80.7,87.1,76.6,87.27,0.094,77.4,rain,0,0,17.7,7.2,140.2,1004,100,7.1,0,0,0,10,"Rain, Overcast",rain,
Việt Nam,2025-06-21T23:00:00,80.2,86,76.6,88.64,0,77.4,rain,0,0,14.4,6,159.8,1003.7,100,9.5,0,0,0,10,"Rain, Overcast",rain,
Việt Nam,2025-06-22T00:00:00,79.7,79.7,76.6,90.05,0,77.4,rain,0,0,11.1,4.8,179.3,1003.3,100,11.9,0,0,0,10,"Rain, Overcast",rain,
Việt Nam,2025-06-22T01:00:00,79.2,79.2,76.6,91.48,0.138,77.4,rain,0,0,7.8,3.6,198.9,1003,100,14.2,0,0,0,10,"Rain, Overcast",rain,
Việt Nam,2025-06-22T02:00:00,79.2,79.2,76.4,90.93,0,74.2,rain,0,0,6.5,3.5,243.4,1003,100,14.1,0,0,0,10,"Rain, Overcast",rain,
Việt Nam,2025-06-22T03:00:00,79.2,79.2,76.2,90.39,0,74.2,rain,0,0,5.1,3.4,287.9,1003,100,13.9,0,0,0,10,"Rain, Overcast",rain,
Việt Nam,2025-06-22T04:00:00,79.2,79.2,76,89.85,0.134,74.2,rain,0,0,3.8,3.4,332.4,1003,100,13.7,0,0,0,10,"Rain, Overcast",rain,
Việt Nam,2025-06-22T05:00:00,79.8,79.8,76.3,88.8,0,74.2,rain,0,0,4.8,3.9,341,1003.3,100,14.1,15.3,0.1,0,10,"Rain, Overcast",rain,
Việt Nam,2025-06-22T06:00:00,80.4,86.5,76.5,87.78,0,74.2,rain,0,0,5.9,4.4,349.5,1003.7,100,14.6,30.7,0.1,0,10,"Rain, Overcast",rain,
Việt Nam,2025-06-22T07:00:00,81.1,87.9,76.7,86.76,0.004,74.2,rain,0,0,6.9,4.9,358.1,1004,100,15,46,0.2,0,10,"Rain, Overcast",rain,
Việt Nam,2025-06-22T08:00:00,83.1,92.1,76.8,81.21,0,58.1,rain,0,0,5.9,4.6,356.8,1004,100,15,180,0.7,2,30,"Rain, Overcast",rain,
Việt Nam,2025-06-22T09:00:00,85.2,95.8,76.8,76.06,0,58.1,rain,0,0,4.8,4.3,355.4,1004,100,15,314,1.1,3,30,"Rain, Overcast",rain,
Việt Nam,2025-06-22T10:00:00,87.3,99.1,76.9,71.28,0.02,58.1,rain,0,0,3.8,4,354.1,1004,100,15,448,1.6,4,30,"Rain, Overcast",rain,
Việt Nam,2025-06-22T11:00:00,88.7,100.7,76.6,67.68,0,58.1,rain,0,0,3.4,3.9,339,1003.3,100,15,509,1.8,5,30,"Rain, Overcast",rain,
Việt Nam,2025-06-22T12:00:00,90,102.2,76.3,64.28,0,58.1,rain,0,0,2.9,3.7,323.9,1002.7,100,15,570,2.1,6,30,"Rain, Overcast",rain,
Việt Nam,2025-06-22T13:00:00,91.3,103.6,76,61.07,0.008,58.1,rain,0,0,2.5,3.6,308.8,1002,100,15,631,2.3,6,60,"Rain, Overcast",rain,
Việt Nam,2025-06-22T14:00:00,91.6,103.8,75.9,60.37,0,58.1,rain,0,0,2.2,3.3,304.2,1001.7,100,15,569,2.1,6,60,"Rain, Overcast",rain,
Việt Nam,2025-06-22T15:00:00,91.8,103.9,75.8,59.68,0,58.1,rain,0,0,1.9,3,299.6,1001.3,100,15,507,1.8,5,60,"Rain, Overcast",rain,
Việt Nam,2025-06-22T16:00:00,92,104.1,75.6,59,0,58.1,rain,0,0,1.6,2.7,295,1001,100,15,445,1.6,4,60,"Rain, Overcast",rain,
Việt Nam,2025-06-22T17:00:00,90.2,102,75.9,63.16,0,58.1,rain,0,0,1.9,2.1,262.9,1001.3,100,12.9,296.7,1.1,3,60,"Rain, Overcast",rain,
Việt Nam,2025-06-22T18:00:00,88.3,99.7,76.2,67.64,0,58.1,rain,0,0,2.3,1.5,230.7,1001.7,100,10.9,148.3,0.5,1,60,"Rain, Overcast",rain,
Việt Nam,2025-06-22T19:00:00,86.4,97.3,76.6,72.48,0.031,58.1,rain,0,0,2.7,0.9,198.6,1002,100,8.9,0,0,0,30,"Rain, Overcast",rain,
Việt Nam,2025-06-22T20:00:00,84.8,95.2,77,77.4,0,87.1,rain,0,0,8.1,3.9,174.5,1002.7,100,10.9,0,0,0,30,"Rain, Overcast",rain,
Việt Nam,2025-06-22T21:00:00,83.2,92.8,77.4,82.68,0,87.1,rain,0,0,13.4,6.9,150.5,1003.3,100,12.9,0,0,0,30,"Rain, Overcast",rain,
Việt Nam,2025-06-22T22:00:00,81.6,89.8,77.8,88.35,0.193,87.1,rain,0,0,18.8,9.8,126.4,1004,100,15,0,0,0,30,"Rain, Overcast",rain,
Việt Nam,2025-06-22T23:00:00,81.3,89.1,77.7,88.87,0,87.1,rain,0,0,18,8.9,131.8,1003.7,100,15,0,0,0,30,"Rain, Overcast",rain,
Việt Nam,2025-06-23T00:00:00,81,88.3,77.6,89.38,0,87.1,rain,0,0,17.3,7.9,137.2,1003.3,100,15,0,0,0,30,"Rain, Overcast",rain,
Việt Nam,2025-06-23T01:00:00,80.7,87.6,77.4,89.91,0.083,87.1,rain,0,0,16.6,6.9,142.6,1003,100,15,0,0,0,30,"Rain, Overcast",rain,
Việt Nam,2025-06-23T02:00:00,80.6,87.4,77.3,89.73,0,71,rain,0,0,13.6,6,133.1,1003,98.4,15,0,0,0,30,"Rain, Overcast",rain,
Việt Nam,2025-06-23T03:00:00,80.6,87.2,77.2,89.54,0,71,rain,0,0,10.7,5.1,123.5,1003,96.7,15,0,0,0,30,"Rain, Overcast",rain,
Việt Nam,2025-06-23T04:00:00,80.5,87,77.1,89.36,0.051,71,rain,0,0,7.8,4.3,114,1003,95.1,15,0,0,0,30,"Rain, Overcast",rain,
Việt Nam,2025-06-23T05:00:00,80.8,87.5,77,88.49,0,71,rain,0,0,7.9,5.1,85.7,1003.3,96.7,15,15.3,0.1,0,30,"Rain, Overcast",rain,
Việt Nam,2025-06-23T06:00:00,81,87.9,77,87.63,0,71,rain,0,0,8,5.9,57.5,1003.7,98.4,15,30.7,0.1,0,30,"Rain, Overcast",rain,
Việt Nam,2025-06-23T07:00:00,81.2,88.4,76.9,86.77,0,71,rain,0,0,8.1,6.7,29.2,1004,100,15,46,0.2,0,30,"Rain, Overcast",rain,
Việt Nam,2025-06-23T08:00:00,83.1,92,76.8,81.53,0,58.1,rain,0,0,6.9,6.3,21.3,1004.3,100,15,173,0.6,2,30,"Rain, Overcast",rain,
Việt Nam,2025-06-23T09:00:00,84.9,95.2,76.8,76.64,0,58.1,rain,0,0,5.7,5.8,13.5,1004.7,100,15,300,1.1,3,30,"Rain, Overcast",rain,
Việt Nam,2025-06-23T10:00:00,86.8,98.1,76.7,72.08,0.012,58.1,rain,0,0,4.5,5.4,5.6,1005,100,15,427,1.5,4,30,"Rain, Overcast",rain,
Việt Nam,2025-06-23T11:00:00,86.9,98.3,76.8,72.08,0,58.1,rain,0,0,4.9,6,117.7,1004.3,100,15,456.7,1.6,5,30,"Rain, Overcast",rain,
Việt Nam,2025-06-23T12:00:00,86.9,98.4,76.8,72.09,0,58.1,rain,0,0,5.4,6.7,229.9,1003.7,100,15,486.3,1.8,5,30,"Rain, Overcast",rain,
Việt Nam,2025-06-23T13:00:00,87,98.6,76.9,72.1,0.039,58.1,rain,0,0,5.8,7.4,342,1003,100,15,516,1.9,5,30,"Rain, Overcast",rain,
Việt Nam,2025-06-23T14:00:00,87.8,99.6,76.8,70.05,0,54.8,rain,0,0,5.3,6.7,336.7,1002.3,100,15,519.3,1.9,5,30,"Rain, Overcast",rain,
Việt Nam,2025-06-23T15:00:00,88.6,100.6,76.7,68.07,0,54.8,rain,0,0,4.8,6,331.3,1001.7,100,15,522.7,1.9,5,30,"Rain, Overcast",rain,
Việt Nam,2025-06-23T16:00:00,89.3,101.6,76.6,66.16,0.004,54.8,rain,0,0,4.3,5.4,326,1001,100,15,526,1.9,5,60,"Rain, Overcast",rain,
Việt Nam,2025-06-23T17:00:00,87.1,98.6,76.7,71.39,0,54.8,rain,0,0,5.6,5.4,322.5,1001.7,98.5,13,350.7,1.3,4,30,"Rain, Overcast",rain,
Việt Nam,2025-06-23T18:00:00,84.9,95.3,76.9,77.1,0,54.8,rain,0,0,6.9,5.5,319,1002.3,97,11.1,175.3,0.6,2,30,"Rain, Overcast",rain,
Việt Nam,2025-06-23T19:00:00,82.7,91.5,77.1,83.31,0.012,54.8,rain,0,0,8.3,5.6,315.5,1003,95.5,9.1,0,0,0,30,"Rain, Overcast",rain,
Việt Nam,2025-06-23T20:00:00,82.1,90.5,77.2,85.11,0,64.5,rain,0,0,6.9,4.6,231.8,1003.3,97,9.3,0,0,0,30,"Rain, Overcast",rain,
Việt Nam,2025-06-23T21:00:00,81.6,89.5,77.3,86.96,0,64.5,rain,0,0,5.4,3.7,148.1,1003.7,98.5,9.5,0,0,0,30,"Rain, Overcast",rain,
Việt Nam,2025-06-23T22:00:00,81.1,88.4,77.4,88.86,0.307,64.5,rain,0,0,4,2.7,64.4,1004,100,9.7,0,0,0,30,"Rain, Overcast",rain,
Việt Nam,2025-06-23T23:00:00,80.1,86.2,77.3,90.96,0,64.5,rain,0,0,10.3,5.6,104.3,1004,100,7.4,0,0,0,30,"Rain, Overcast",rain,
Việt Nam,2025-06-24T00:00:00,79.2,79.2,77.1,93.13,0,64.5,rain,0,0,16.6,8.5,144.3,1004,100,5.2,0,0,0,10,"Rain, Overcast",rain,
Việt Nam,2025-06-24T01:00:00,78.3,78.3,76.9,95.35,0.457,64.5,rain,0,0,22.8,11.4,184.2,1004,100,2.9,0,0,0,10,"Rain, Overcast",rain,
Việt Nam,2025-06-24T02:00:00,78.3,78.3,76.5,94.22,0,45.2,rain,0,0,16.9,8.6,172.8,1003.7,100,6.9,0,0,0,10,"Rain, Overcast",rain,
Việt Nam,2025-06-24T03:00:00,78.2,78.2,76.1,93.1,0,45.2,rain,0,0,10.9,5.7,161.4,1003.3,100,11,0,0,0,10,"Rain, Overcast",rain,
Việt Nam,2025-06-24T04:00:00,78.2,78.2,75.6,91.99,0.091,45.2,rain,0,0,4.9,2.9,150,1003,100,15,0,0,0,10,"Rain, Overcast",rain,
Việt Nam,2025-06-24T05:00:00,78.4,78.4,75.8,91.63,0,45.2,rain,0,0,4.2,2.7,111.8,1003.7,100,15,2.7,0,0,10,"Rain, Overcast",rain,
Việt Nam,2025-06-24T06:00:00,78.6,78.6,75.9,91.27,0,45.2,rain,0,0,3.4,2.5,73.6,1004.3,100,15,5.3,0,0,10,"Rain, Overcast",rain,
Việt Nam,2025-06-24T07:00:00,78.9,78.9,76,90.92,0,45.2,rain,0,0,2.7,2.2,35.4,1005,100,15,8,0,0,10,"Rain, Overcast",rain,
Việt Nam,2025-06-24T08:00:00,79.9,79.9,76.2,88.45,0,54.8,rain,0,0,2.8,2.5,136.4,1005,100,15,55.7,0.2,1,10,"Rain, Overcast",rain,
Việt Nam,2025-06-24T09:00:00,80.9,87.5,76.4,86.07,0,54.8,rain,0,0,3,2.7,237.5,1005,100,15,103.3,0.3,1,10,"Rain, Overcast",rain,
Việt Nam,2025-06-24T10:00:00,81.9,89.6,76.6,83.76,0,54.8,rain,0,0,3.1,2.9,338.5,1005,100,15,151,0.5,2,10,"Rain, Overcast",rain,
Việt Nam,2025-06-24T11:00:00,83.5,92.4,76.4,79.32,0,54.8,rain,0,0,2.8,2.5,292.7,1004.3,100,15,244.7,0.9,2,30,"Rain, Overcast",rain,
Việt Nam,2025-06-24T12:00:00,85.1,94.9,76.3,75.14,0,54.8,rain,0,0,2.4,2.2,246.8,1003.7,100,15,338.3,1.2,3,30,"Rain, Overcast",rain,
Việt Nam,2025-06-24T13:00:00,86.6,97.2,76.2,71.2,0,54.8,rain,0,0,2,1.8,201,1003,100,15,432,1.6,4,30,"Rain, Overcast",rain,
Việt Nam,2025-06-24T14:00:00,88,98.7,75.8,67.47,0,64.5,rain,0,0,3.2,2.6,188.6,1002.3,97.8,15,498.3,1.8,5,30,"Rain, Overcast",rain,
Việt Nam,2025-06-24T15:00:00,89.3,100.1,75.5,63.94,0,64.5,rain,0,0,4.4,3.4,176.3,1001.7,95.6,15,564.7,2.1,6,30,"Rain, Overcast",rain,
Việt Nam,2025-06-24T16:00:00,90.6,101.5,75.1,60.61,0,64.5,rain,0,0,5.6,4.3,163.9,1001,93.4,15,631,2.3,6,30,"Rain, Overcast",rain,
Việt Nam,2025-06-24T17:00:00,89.1,100,75.6,64.56,0,64.5,rain,0,0,7.5,5.2,153.2,1001.3,71.1,15,420.7,1.5,4,30,"Rain, Partially cloudy",rain,
Việt Nam,2025-06-24T18:00:00,87.6,98.5,76.1,68.79,0,64.5,rain,0,0,9.5,6.2,142.6,1001.7,48.9,15,210.3,0.8,2,30,"Rain, Partially cloudy",rain,
Việt Nam,2025-06-24T19:00:00,86.1,96.8,76.6,73.31,0.004,64.5,rain,0,0,11.4,7.2,131.9,1002,26.6,15,0,0,0,60,"Rain, Partially cloudy",rain,
Việt Nam,2025-06-24T20:00:00,84.9,95.4,76.9,76.95,0,67.7,rain,0,0,13.6,7.9,135.8,1002.7,51.1,15,0,0,0,60,"Rain, Partially cloudy",rain,
Việt Nam,2025-06-24T21:00:00,83.8,93.7,77.3,80.78,0,67.7,rain,0,0,15.9,8.6,139.6,1003.3,75.5,15,0,0,0,60,"Rain, Partially cloudy",rain,
Việt Nam,2025-06-24T22:00:00,82.7,91.9,77.6,84.81,0.083,67.7,rain,0,0,18.1,9.4,143.5,1004,100,15,0,0,0,30,"Rain, Overcast",rain,
Việt Nam,2025-06-24T23:00:00,82.3,91,77.4,85.29,0,67.7,rain,0,0,18.3,9.2,143.4,1003.7,100,15,0,0,0,30,"Rain, Overcast",rain,
Việt Nam,2025-06-25T00:00:00,81.9,90.2,77.3,85.78,0,67.7,rain,0,0,18.6,9.1,143.2,1003.3,100,15,0,0,0,30,"Rain, Overcast",rain,
Việt Nam,2025-06-25T01:00:00,81.6,89.3,77.1,86.28,0.122,67.7,rain,0,0,18.8,8.9,143.1,1003,100,15,0,0,0,30,"Rain, Overcast",rain,
Việt Nam,2025-06-25T02:00:00,81.4,89,77.2,86.95,0,74.2,rain,0,0,17.5,8.4,137.4,1002.7,100,15,0,0,0,30,"Rain, Overcast",rain,
Việt Nam,2025-06-25T03:00:00,81.2,88.6,77.2,87.64,0,74.2,rain,0,0,16.3,7.9,131.8,1002.3,100,15,0,0,0,30,"Rain, Overcast",rain,
Việt Nam,2025-06-25T04:00:00,81.1,88.3,77.3,88.33,0.004,74.2,rain,0,0,15,7.4,126.1,1002,100,15,0,0,0,30,"Rain, Overcast",rain,
Việt Nam,2025-06-25T05:00:00,81.5,89.4,77.4,87.31,0,74.2,rain,0,0,13.5,6.8,124.5,1002.3,100,15,11.3,0,0,30,"Rain, Overcast",rain,
Việt Nam,2025-06-25T06:00:00,82,90.5,77.5,86.3,0,74.2,rain,0,0,12,6.2,122.8,1002.7,100,15,22.7,0.1,0,30,"Rain, Overcast",rain,
Việt Nam,2025-06-25T07:00:00,82.5,91.6,77.6,85.3,0,74.2,rain,0,0,10.5,5.6,121.2,1003,100,15,34,0.1,0,60,"Rain, Overcast",rain,
Việt Nam,2025-06-25T08:00:00,84.1,94.5,77.6,80.95,0,71,rain,0,0,9,5.3,127.4,1003.3,100,15,118.7,0.4,1,60,"Rain, Overcast",rain,
Việt Nam,2025-06-25T09:00:00,85.6,97.1,77.5,76.85,0,71,rain,0,0,7.5,5,133.7,1003.7,100,15,203.3,0.7,2,60,"Rain, Overcast",rain,
Việt Nam,2025-06-25T10:00:00,87.2,99.6,77.4,72.98,0.012,71,rain,0,0,6,4.7,139.9,1004,100,15,288,1,3,60,"Rain, Overcast",rain,
Việt Nam,2025-06-25T11:00:00,88.1,100.9,77.3,70.51,0,71,rain,0,0,4.9,3.6,157.8,1003,100,11.6,386.7,1.4,4,60,"Rain, Overcast",rain,
Việt Nam,2025-06-25T12:00:00,89.1,102.1,77.2,68.13,0,71,rain,0,0,3.8,2.5,175.7,1002,100,8.1,485.3,1.7,5,60,"Rain, Overcast",rain,
Việt Nam,2025-06-25T13:00:00,90.1,103.3,77.1,65.84,0.157,71,rain,0,0,2.7,1.3,193.6,1001,100,4.7,584,2.1,6,60,"Rain, Overcast",rain,
Việt Nam,2025-06-25T14:00:00,89.1,102.4,77.4,68.68,0,58.1,rain,0,0,3.5,2.1,155,1000.7,100,8.1,477.3,1.7,5,60,"Rain, Overcast",rain,
Việt Nam,2025-06-25T15:00:00,88.1,101.5,77.8,71.64,0,58.1,rain,0,0,4.3,2.8,116.5,1000.3,100,11.6,370.7,1.4,4,60,"Rain, Overcast",rain,
Việt Nam,2025-06-25T16:00:00,87.2,100.5,78.2,74.73,0.287,58.1,rain,0,0,5.1,3.6,77.9,1000,100,15,264,1,3,60,"Rain, Overcast",rain,
Việt Nam,2025-06-25T17:00:00,86,98.4,78,77.04,0,58.1,rain,0,0,8.9,4.8,90.4,1000.7,100,15,176,0.7,2,60,"Rain, Overcast",rain,
Việt Nam,2025-06-25T18:00:00,84.9,96.2,77.8,79.43,0,58.1,rain,0,0,12.6,6.1,103,1001.3,100,15,88,0.3,1,60,"Rain, Overcast",rain,
Việt Nam,2025-06-25T19:00:00,83.7,94,77.6,81.9,0.126,58.1,rain,0,0,16.3,7.4,115.5,1002,100,15,0,0,0,60,"Rain, Overcast",rain,
Việt Nam,2025-06-25T20:00:00,82.8,92.1,77.6,84.31,0,64.5,rain,0,0,16.8,7.3,125,1002.7,99.5,15,0,0,0,30,"Rain, Overcast",rain,
Việt Nam,2025-06-25T21:00:00,81.8,90.1,77.5,86.8,0,64.5,rain,0,0,17.2,7.2,134.4,1003.3,99,15,0,0,0,30,"Rain, Overcast",rain,
Việt Nam,2025-06-25T22:00:00,80.9,88,77.4,89.38,0.02,64.5,rain,0,0,17.7,7.2,143.9,1004,98.5,15,0,0,0,30,"Rain, Overcast",rain,
Việt Nam,2025-06-25T23:00:00,80.5,87,77.3,89.9,0,64.5,rain,0,0,17.3,7,151.4,1003.7,98.8,15,0,0,0,30,"Rain, Overcast",rain,
Việt Nam,2025-06-26T00:00:00,80.1,86.1,77.1,90.42,0,64.5,rain,0,0,16.9,6.9,159,1003.3,99.1,15,0,0,0,30,"Rain, Overcast",rain,
Việt Nam,2025-06-26T01:00:00,79.8,79.8,76.9,90.95,0.268,64.5,rain,0,0,16.6,6.7,166.5,1003,99.4,15,0,0,0,10,"Rain, Overcast",rain,
Việt Nam,2025-06-26T02:00:00,79.4,79.4,76.3,90.22,0,61.3,rain,0,0,12.8,5.7,158.8,1002.7,99.2,15,0,0,0,10,"Rain, Overcast",rain,
Việt Nam,2025-06-26T03:00:00,79.1,79.1,75.7,89.48,0,61.3,rain,0,0,9.1,4.6,151.2,1002.3,98.9,15,0,0,0,10,"Rain, Overcast",rain,
Việt Nam,2025-06-26T04:00:00,78.7,78.7,75.1,88.75,0.071,61.3,rain,0,0,5.4,3.6,143.5,1002,98.7,15,0,0,0,10,"Rain, Overcast",rain,
Việt Nam,2025-06-26T05:00:00,79.5,79.5,75.2,86.86,0,61.3,rain,0,0,4.4,2.8,160.2,1002.7,89.9,15,11.7,0,0,10,"Rain, Partially cloudy",rain,
Việt Nam,2025-06-26T06:00:00,80.3,85.6,75.4,85.01,0,61.3,rain,0,0,3.4,1.9,176.9,1003.3,81,15,23.3,0.1,0,10,"Rain, Partially cloudy",rain,
Việt Nam,2025-06-26T07:00:00,81.1,87.2,75.5,83.2,0.039,61.3,rain,0,0,2.5,1.1,193.6,1004,72.2,15,35,0.1,0,10,"Rain, Partially cloudy",rain,
Việt Nam,2025-06-26T08:00:00,83.3,91.5,75.8,78.05,0,64.5,rain,0,0,3.8,2.4,171.7,1004,78.6,15,198.7,0.7,2,10,"Rain, Partially cloudy",rain,
Việt Nam,2025-06-26T09:00:00,85.6,95.5,76.1,73.27,0,64.5,rain,0,0,5.1,3.7,149.9,1004,85,15,362.3,1.3,4,30,"Rain, Partially cloudy",rain,
Việt Nam,2025-06-26T10:00:00,87.9,99.3,76.4,68.82,0.087,64.5,rain,0,0,6.5,4.9,128,1004,91.4,15,526,1.9,5,30,"Rain, Overcast",rain,
Việt Nam,2025-06-26T11:00:00,89,100.8,76.4,66.51,0,64.5,rain,0,0,7.2,6.1,121.7,1003,93.8,12.7,627.3,2.3,6,30,"Rain, Overcast",rain,
Việt Nam,2025-06-26T12:00:00,90.1,102.3,76.4,64.29,0,64.5,rain,0,0,7.8,7.3,115.3,1002,96.2,10.5,728.7,2.6,7,30,"Rain, Overcast",rain,
Việt Nam,2025-06-26T13:00:00,91.1,103.8,76.4,62.15,0.051,64.5,rain,0,0,8.5,8.5,109,1001,98.6,8.2,830,3,8,60,"Rain, Overcast",rain,
Việt Nam,2025-06-26T14:00:00,89.6,102.2,76.7,66.05,0,51.6,rain,0,0,8.2,7.4,111.7,1001,99.1,8,700,2.5,7,30,"Rain, Overcast",rain,
Việt Nam,2025-06-26T15:00:00,88,100.4,77.1,70.22,0,51.6,rain,0,0,7.9,6.3,114.5,1001,99.5,7.7,570,2.1,6,30,"Rain, Overcast",rain,
Việt Nam,2025-06-26T16:00:00,86.4,98.4,77.4,74.67,0.307,51.6,rain,0,0,7.6,5.1,117.2,1001,100,7.5,440,1.6,4,30,"Rain, Overcast",rain,
Việt Nam,2025-06-26T17:00:00,85.1,95.9,77.3,77.57,0,51.6,rain,0,0,8.9,5.4,118.2,1001.7,100,5.8,293.3,1.1,3,30,"Rain, Overcast",rain,
Việt Nam,2025-06-26T18:00:00,83.7,93.4,77.1,80.61,0,51.6,rain,0,0,10.3,5.7,119.2,1002.3,100,4,146.7,0.5,1,30,"Rain, Overcast",rain,
Việt Nam,2025-06-26T19:00:00,82.3,90.6,76.9,83.78,0.362,51.6,rain,0,0,11.6,6,120.2,1003,100,2.2,0,0,0,30,"Rain, Overcast",rain,
Việt Nam,2025-06-26T20:00:00,81.8,89.5,76.8,85.09,0,51.6,rain,0,0,11.3,5.7,116.3,1003.3,100,3.3,0,0,0,30,"Rain, Overcast",rain,
Việt Nam,2025-06-26T21:00:00,81.2,88.3,76.8,86.43,0,51.6,rain,0,0,10.9,5.4,112.3,1003.7,100,4.3,0,0,0,10,"Rain, Overcast",rain,
Việt Nam,2025-06-26T22:00:00,80.7,87.2,76.7,87.79,0.441,51.6,rain,0,0,10.5,5.1,108.4,1004,100,5.3,0,0,0,10,"Rain, Overcast",rain,
Việt Nam,2025-06-26T23:00:00,80.5,86.6,76.4,87.43,0,51.6,rain,0,0,9.7,4.8,115.4,1003.7,100,5.3,0,0,0,10,"Rain, Overcast",rain,
Việt Nam,2025-06-27T00:00:00,80.3,86.1,76.1,87.07,0,51.6,rain,0,0,8.9,4.4,122.4,1003.3,100,5.3,0,0,0,10,"Rain, Overcast",rain,
Việt Nam,2025-06-27T01:00:00,80.1,85.5,75.8,86.72,0.287,51.6,rain,0,0,8.1,4,129.4,1003,100,5.3,0,0,0,10,"Rain, Overcast",rain,
Việt Nam,2025-06-27T02:00:00,79.7,79.7,75.9,88.44,0,38.7,,0,0,7.1,3.7,164.7,1003,100,7.4,0,0,0,10,Overcast,cloudy,
Việt Nam,2025-06-27T03:00:00,79.2,79.2,76.1,90.21,0,38.7,,0,0,6.1,3.4,199.9,1003,100,9.4,0,0,0,10,Overcast,cloudy,
Việt Nam,2025-06-27T04:00:00,78.7,78.7,76.2,92.01,0.181,38.7,rain,0,0,5.1,3.1,235.2,1003,100,11.5,0,0,0,10,Overcast,cloudy,
Việt Nam,2025-06-27T05:00:00,78.8,78.8,76.3,92.01,0,38.7,,0,0,5.8,3.9,256.7,1003.7,100,12.7,6.7,0,0,10,Overcast,cloudy,
Việt Nam,2025-06-27T06:00:00,78.8,78.8,76.3,92.01,0,38.7,,0,0,6.5,4.6,278.3,1004.3,100,13.8,13.3,0.1,0,10,Overcast,cloudy,
Việt Nam,2025-06-27T07:00:00,78.9,78.9,76.4,92.01,0.118,38.7,rain,0,0,7.2,5.4,299.8,1005,100,15,20,0.1,0,10,Overcast,cloudy,
Việt Nam,2025-06-27T08:00:00,81,87.7,76.6,86.42,0,32.3,,0,0,5.7,4.5,315.6,1005,100,13.1,160.3,0.6,2,10,Overcast,cloudy,
Việt Nam,2025-06-27T09:00:00,83.1,91.9,76.7,81.21,0,32.3,,0,0,4.3,3.6,331.3,1005,100,11.2,300.7,1.1,3,30,Overcast,cloudy,
Việt Nam,2025-06-27T10:00:00,85.2,95.7,76.9,76.36,0.114,32.3,rain,0,0,2.9,2.7,347.1,1005,100,9.3,441,1.6,4,30,Overcast,cloudy,
Việt Nam,2025-06-27T11:00:00,84.6,94.8,76.8,77.54,0,32.3,,0,0,3.5,3.4,333.3,1004.7,100,11.2,371.3,1.3,4,30,Overcast,cloudy,
Việt Nam,2025-06-27T12:00:00,84.1,93.8,76.8,78.74,0,32.3,,0,0,4.1,4,319.4,1004.3,100,13.1,301.7,1.1,3,30,Overcast,cloudy,
Việt Nam,2025-06-27T13:00:00,83.6,92.8,76.7,79.96,0.13,32.3,rain,0,0,4.7,4.7,305.6,1004,100,15,232,0.8,2,30,Overcast,cloudy,
Việt Nam,2025-06-27T14:00:00,82.8,91.5,76.8,82.33,0,38.7,,0,0,6.3,5.6,306.4,1003.7,100,15,189.3,0.7,2,30,Overcast,cloudy,
Việt Nam,2025-06-27T15:00:00,82,90.1,77,84.77,0,38.7,,0,0,8,6.5,307.2,1003.3,100,15,146.7,0.5,1,30,Overcast,cloudy,
Việt Nam,2025-06-27T16:00:00,81.2,88.5,77.1,87.29,0.012,38.7,rain,0,0,9.6,7.4,308,1003,100,15,104,0.4,1,30,Overcast,cloudy,
Việt Nam,2025-06-27T17:00:00,80.6,87.1,76.9,88.49,0,38.7,,0,0,9.7,6.7,313.6,1003.3,100,15,69.3,0.3,1,30,Overcast,cloudy,
Việt Nam,2025-06-27T18:00:00,80,85.7,76.7,89.7,0,38.7,,0,0,9.8,6,319.2,1003.7,100,15,34.7,0.1,0,30,Overcast,cloudy,
Việt Nam,2025-06-27T19:00:00,79.4,79.4,76.6,90.94,0.024,38.7,rain,0,0,9.8,5.4,324.8,1004,100,15,0,0,0,10,Overcast,cloudy,
Việt Nam,2025-06-27T20:00:00,79.2,79.2,76.3,90.93,0,38.7,,0,0,7.7,4.5,328.9,1004.3,99,15,0,0,0,10,Overcast,cloudy,
Việt Nam,2025-06-27T21:00:00,79,79,76.1,90.92,0,38.7,,0,0,5.5,3.7,333.1,1004.7,98,15,0,0,0,10,Overcast,cloudy,
Việt Nam,2025-06-27T22:00:00,78.7,78.7,75.8,90.91,0,38.7,,0,0,3.4,2.9,337.2,1005,97,15,0,0,0,10,Overcast,cloudy,
Việt Nam,2025-06-27T23:00:00,78.4,78.4,75.7,91.63,0,38.7,,0,0,3.1,2.8,318,1004.7,98,11.5,0,0,0,10,Overcast,cloudy,
Việt Nam,2025-06-28T00:00:00,78,78,75.6,92.35,0,38.7,,0,0,2.8,2.6,298.7,1004.3,99,8,0,0,0,10,Overcast,cloudy,
Việt Nam,2025-06-28T01:00:00,77.6,77.6,75.5,93.08,0.13,38.7,rain,0,0,2.5,2.5,279.5,1004,100,4.5,0,0,0,10,Overcast,cloudy,
Việt Nam,2025-06-28T02:00:00,77.7,77.7,75.5,92.71,0,38.7,,0,0,2.5,2.2,238.3,1003.7,100,8,0,0,0,10,Overcast,cloudy,
Việt Nam,2025-06-28T03:00:00,77.9,77.9,75.5,92.35,0,38.7,,0,0,2.5,2,197.1,1003.3,100,11.5,0,0,0,10,Overcast,cloudy,
Việt Nam,2025-06-28T04:00:00,78,78,75.5,91.98,0.043,38.7,rain,0,0,2.5,1.8,155.9,1003,100,15,0,0,0,10,Overcast,cloudy,
Việt Nam,2025-06-28T05:00:00,78,78,75.5,92.17,0,38.7,,0,0,2.8,2.1,109.3,1003.3,100,15,1.7,0,0,10,Overcast,cloudy,
Việt Nam,2025-06-28T06:00:00,78,78,75.6,92.35,0,38.7,,0,0,3.1,2.4,62.7,1003.7,100,15,3.3,0,0,10,Overcast,cloudy,
Việt Nam,2025-06-28T07:00:00,78,78,75.6,92.54,0,38.7,,0,0,3.4,2.7,16.1,1004,100,15,5,0,0,10,Overcast,cloudy,
Việt Nam,2025-06-28T08:00:00,78.5,78.5,75.8,91.27,0,38.7,,0,0,2.5,1.9,101.1,1004.3,100,15,32.7,0.2,0,10,Overcast,cloudy,
Việt Nam,2025-06-28T09:00:00,79.1,79.1,75.9,90.02,0,38.7,,0,0,1.7,1,186.1,1004.7,100,15,60.3,0.3,1,10,Overcast,cloudy,
Việt Nam,2025-06-28T10:00:00,79.6,79.6,76,88.79,0,38.7,,0,0,0.9,0.2,271.1,1005,100,15,88,0.3,1,10,Overcast,cloudy,
Việt Nam,2025-06-28T11:00:00,80.8,86.8,75.9,85.21,0,38.7,,0,0,2.4,1.5,232.2,1004,100,15,134.3,0.5,1,10,Overcast,cloudy,
Việt Nam,2025-06-28T12:00:00,81.9,89,75.8,81.78,0,38.7,,0,0,3.9,2.8,193.4,1003,100,15,180.7,0.6,2,10,Overcast,cloudy,
Việt Nam,2025-06-28T13:00:00,83,90.9,75.6,78.5,0.004,38.7,rain,0,0,5.4,4,154.5,1002,100,15,227,0.8,2,10,Overcast,cloudy,
Việt Nam,2025-06-28T14:00:00,83.8,92.1,75.5,76.24,0,29,,0,0,6.3,4.2,155.9,1001,94,15,239.7,0.9,2,10,Overcast,cloudy,
Việt Nam,2025-06-28T15:00:00,84.6,93.3,75.4,74.06,0,29,,0,0,7.3,4.3,157.3,1000,88.1,15,252.3,0.9,3,10,Partially cloudy,partly-cloudy-day,
Việt Nam,2025-06-28T16:00:00,85.4,94.3,75.3,71.94,0,29,,0,0,8.3,4.5,158.7,999,82.1,15,265,1,3,30,Partially cloudy,partly-cloudy-day,
Việt Nam,2025-06-28T17:00:00,83.7,91.5,75.1,75.32,0,29,,0,0,10.1,5.4,157.7,999.3,80.5,15,176.7,0.7,2,10,Partially cloudy,partly-cloudy-day,
Việt Nam,2025-06-28T18:00:00,82,88.5,74.8,78.89,0,29,,0,0,12,6.3,156.7,999.7,78.9,15,88.3,0.3,1,3,Partially cloudy,partly-cloudy-day,
Việt Nam,2025-06-28T19:00:00,80.3,85.4,74.6,82.66,0,29,,0,0,13.9,7.2,155.7,1000,77.3,15,0,0,0,3,Partially cloudy,partly-cloudy-night,
Việt Nam,2025-06-28T20:00:00,79.7,79.7,74.6,84.47,0,41.9,,0,0,13.4,6.9,154.4,1000.7,66.8,15,0,0,0,3,Partially cloudy,partly-cloudy-night,
Việt Nam,2025-06-28T21:00:00,79.1,79.1,74.7,86.32,0,41.9,,0,0,13,6.6,153.2,1001.3,56.3,15,0,0,0,3,Partially cloudy,partly-cloudy-night,
Việt Nam,2025-06-28T22:00:00,78.5,78.5,74.7,88.21,0,41.9,,0,0,12.5,6.3,151.9,1002,45.8,15,0,0,0,3,Partially cloudy,partly-cloudy-night,
Việt Nam,2025-06-28T23:00:00,78.4,78.4,74.7,88.56,0,41.9,,0,0,10,5.3,144.4,1001.7,48.9,15,0,0,0,3,Partially cloudy,partly-cloudy-night,
Việt Nam,2025-06-29T00:00:00,78.3,78.3,74.7,88.91,0,41.9,,0,0,7.5,4.3,137,1001.3,51.9,15,0,0,0,3,Partially cloudy,partly-cloudy-night,
Việt Nam,2025-06-29T01:00:00,78.2,78.2,74.7,89.27,0,41.9,,0,0,4.9,3.4,129.5,1001,55,15,0,0,0,3,Partially cloudy,partly-cloudy-night,
Việt Nam,2025-06-29T02:00:00,78.1,78.1,74.7,89.44,0,32.3,,0,0,3.8,2.5,170.4,1000.7,70,15,0,0,0,3,Partially cloudy,partly-cloudy-night,
Việt Nam,2025-06-29T03:00:00,77.9,77.9,74.6,89.62,0,32.3,,0,0,2.7,1.6,211.2,1000.3,85,15,0,0,0,3,Partially cloudy,partly-cloudy-night,
Việt Nam,2025-06-29T04:00:00,77.8,77.8,74.6,89.79,0,32.3,,0,0,1.6,0.7,252.1,1000,100,15,0,0,0,3,Overcast,cloudy,
Việt Nam,2025-06-29T05:00:00,78.5,78.5,74.7,88.04,0,32.3,,0,0,2.1,1.3,269,1000.7,92.5,15,10,0,0,3,Overcast,cloudy,
Việt Nam,2025-06-29T06:00:00,79.3,79.3,74.8,86.32,0,32.3,,0,0,2.6,1.9,286,1001.3,85,15,20,0.1,0,3,Partially cloudy,partly-cloudy-day,
Việt Nam,2025-06-29T07:00:00,80,80,74.9,84.65,0,32.3,,0,0,3.1,2.5,302.9,1002,77.5,15,30,0.1,0,3,Partially cloudy,partly-cloudy-day,
Việt Nam,2025-06-29T08:00:00,82.2,89,74.9,78.44,0,38.7,,0,0,3.1,2.5,280.4,1002,76.9,15,159.7,0.6,2,10,Partially cloudy,partly-cloudy-day,
Việt Nam,2025-06-29T09:00:00,84.5,92.6,74.8,72.73,0,38.7,,0,0,3.1,2.6,258,1002,76.4,15,289.3,1,3,10,Partially cloudy,partly-cloudy-day,
Việt Nam,2025-06-29T10:00:00,86.8,95.9,74.7,67.48,0,38.7,,0,0,3.1,2.7,235.5,1002,75.8,15,419,1.5,4,10,Partially cloudy,partly-cloudy-day,
Việt Nam,2025-06-29T11:00:00,87.6,96.7,74.5,65.3,0,38.7,,0,0,4.8,3.7,230.4,1001.3,79.5,15,488.7,1.8,5,10,Partially cloudy,partly-cloudy-day,
Việt Nam,2025-06-29T12:00:00,88.4,97.5,74.3,63.2,0,38.7,,0,0,6.4,4.6,225.2,1000.7,83.1,15,558.3,2,6,10,Partially cloudy,partly-cloudy-day,
Việt Nam,2025-06-29T13:00:00,89.1,98.3,74,61.17,0,38.7,,0,0,8.1,5.6,220.1,1000,86.8,15,628,2.3,6,10,Partially cloudy,partly-cloudy-day,
Việt Nam,2025-06-29T14:00:00,90.5,100,73.9,58.34,0,45.2,rain,0,0,7.2,5.5,198.5,999.3,59.5,15,607.3,2.2,6,30,"Rain, Partially cloudy",rain,
Việt Nam,2025-06-29T15:00:00,91.9,101.6,73.8,55.65,0,45.2,rain,0,0,6.4,5.4,177,998.7,32.3,15,586.7,2.1,6,30,"Rain, Partially cloudy",rain,
Việt Nam,2025-06-29T16:00:00,93.3,103.3,73.7,53.1,0,45.2,rain,0,0,5.6,5.4,155.4,998,5,15,566,2,6,30,Rain,rain,
Việt Nam,2025-06-29T17:00:00,91.2,101.8,74.6,58.43,0,45.2,rain,0,0,8.8,6.3,144.5,998.7,5.6,15,377.3,1.3,4,30,Rain,rain,
Việt Nam,2025-06-29T18:00:00,89.2,100.2,75.6,64.32,0,45.2,rain,0,0,12,7.3,133.7,999.3,6.3,15,188.7,0.7,2,60,Rain,rain,
Việt Nam,2025-06-29T19:00:00,87.2,98.4,76.6,70.83,0,45.2,rain,0,0,15.2,8.3,122.8,1000,6.9,15,0,0,0,60,Rain,rain,
Việt Nam,2025-06-29T20:00:00,85.9,96.7,76.7,74.18,0,38.7,,0,0,14.5,7.9,125.6,1000.3,37.9,15,0,0,0,60,Partially cloudy,partly-cloudy-night,
Việt Nam,2025-06-29T21:00:00,84.6,94.8,76.9,77.69,0,38.7,,0,0,13.9,7.5,128.4,1000.7,69,15,0,0,0,60,Partially cloudy,partly-cloudy-night,
Việt Nam,2025-06-29T22:00:00,83.4,92.8,77.1,81.39,0,38.7,,0,0,13.2,7.2,131.2,1001,100,15,0,0,0,15,Overcast,cloudy,
Việt Nam,2025-06-29T23:00:00,83,92,77,82.02,0,38.7,,0,0,9.8,5.7,147.3,1000.7,100,15,0,0,0,30,Overcast,cloudy,
Việt Nam,2025-06-30T00:00:00,82.7,91.3,76.8,82.65,0,38.7,,0,0,6.5,4.2,163.3,1000.3,100,15,0,0,0,30,Overcast,cloudy,
Việt Nam,2025-06-30T01:00:00,82.3,90.5,76.7,83.28,0,38.7,,0,0,3.1,2.7,179.4,1000,100,15,0,0,0,30,Overcast,cloudy,
Việt Nam,2025-06-30T02:00:00,81.9,89.7,76.8,84.59,0,48.4,rain,0,0,4.3,3.2,234.1,1000,100,15,0,0,0,30,"Rain, Overcast",rain,
Việt Nam,2025-06-30T03:00:00,81.5,88.9,76.8,85.93,0,48.4,rain,0,0,5.5,3.7,288.8,1000,100,15,0,0,0,30,"Rain, Overcast",rain,
Việt Nam,2025-06-30T04:00:00,81.1,88,76.9,87.28,0,48.4,rain,0,0,6.7,4.3,343.5,1000,100,15,0,0,0,30,"Rain, Overcast",rain,
Việt Nam,2025-06-30T05:00:00,81.2,88.3,76.9,86.94,0,48.4,rain,0,0,7.8,4.5,329.3,1000.3,100,15,4.3,0,0,30,"Rain, Overcast",rain,
Việt Nam,2025-06-30T06:00:00,81.3,88.5,76.9,86.6,0,48.4,rain,0,0,8.8,4.7,315.1,1000.7,100,15,8.7,0,0,30,"Rain, Overcast",rain,
Việt Nam,2025-06-30T07:00:00,81.4,88.8,76.9,86.27,0,48.4,rain,0,0,9.8,4.9,300.9,1001,100,15,13,0,0,30,"Rain, Overcast",rain,
Việt Nam,2025-06-30T08:00:00,84.5,93.5,75.8,75.39,0,41.9,,0,0,9.2,5.5,299.3,1001.3,100,15,160.3,0.5,2,30,Overcast,cloudy,
Việt Nam,2025-06-30T09:00:00,87.5,96.9,74.8,65.95,0,41.9,,0,0,8.6,6.1,297.8,1001.7,100,15,307.7,1.1,3,30,Overcast,cloudy,
Việt Nam,2025-06-30T10:00:00,90.6,99.8,73.7,57.76,0,41.9,,0,0,8.1,6.7,296.2,1002,100,15,455,1.6,5,10,Overcast,cloudy,
Việt Nam,2025-06-30T11:00:00,92,101.4,73.5,54.89,0,41.9,,0,0,7.9,6.1,293.2,1001.3,97.7,15,566.3,2,6,10,Overcast,cloudy,
Việt Nam,2025-06-30T12:00:00,93.5,103.1,73.3,52.17,0,41.9,,0,0,7.8,5.5,290.3,1000.7,95.4,15,677.7,2.4,7,30,Overcast,cloudy,
Việt Nam,2025-06-30T13:00:00,94.9,104.7,73.1,49.6,0,41.9,,0,0,7.6,4.9,287.3,1000,93.1,15,789,2.8,8,30,Overcast,cloudy,
Việt Nam,2025-06-30T14:00:00,95.9,105.7,72.9,47.77,0,38.7,,0,0,9.8,5.3,283.7,999,91.3,15,764,2.7,8,30,Overcast,cloudy,
Việt Nam,2025-06-30T15:00:00,96.8,106.6,72.7,46.01,0,38.7,,0,0,12.1,5.7,280.2,998,89.4,15,739,2.7,7,30,Partially cloudy,partly-cloudy-day,
Việt Nam,2025-06-30T16:00:00,97.8,107.6,72.4,44.32,0,38.7,,0,0,14.3,6,276.6,997,87.6,15,714,2.6,7,30,Partially cloudy,partly-cloudy-day,
Việt Nam,2025-06-30T17:00:00,95.4,105.1,73,48.58,0,38.7,,0,0,15.3,6.3,256,997.3,91.7,15,476,1.7,5,30,Overcast,cloudy,
Việt Nam,2025-06-30T18:00:00,93,102.7,73.5,53.27,0,38.7,,0,0,16.3,6.6,235.4,997.7,95.9,15,238,0.9,2,30,Overcast,cloudy,
Việt Nam,2025-06-30T19:00:00,90.6,100.2,74,58.46,0,38.7,,0,0,17.2,6.9,214.8,998,100,15,0,0,0,30,Overcast,cloudy,
Việt Nam,2025-06-30T20:00:00,89.3,98.9,74.3,61.44,0,45.2,rain,0,0,12.8,5.6,199.1,998.3,100,15,0,0,0,30,"Rain, Overcast",rain,
Việt Nam,2025-06-30T21:00:00,88.1,97.5,74.6,64.58,0,45.2,rain,0,0,8.4,4.3,183.4,998.7,100,15,0,0,0,30,"Rain, Overcast",rain,
Việt Nam,2025-06-30T22:00:00,86.8,96.1,74.9,67.89,0,45.2,rain,0,0,4,2.9,167.7,999,100,15,0,0,0,30,"Rain, Overcast",rain,
Việt Nam,2025-06-30T23:00:00,85.5,94.1,74.8,70.52,0,45.2,rain,0,0,6.4,4,220.9,999,100,15,0,0,0,8,"Rain, Overcast",rain,
